{"cameraMode":{"drawMode":0,"name":"Shaded","section":"Shading Mode"},"sceneLighting":true,"audioPlay":false,"sceneViewState":{"showFog":true,"showMaterialUpdate":false,"showSkybox":true,"showFlares":true,"showImageEffects":true,"showParticleSystems":true},"in2DMode":false,"pivot":{"x":0.037247538566589358,"y":0.09536762535572052,"z":0.08170528709888458},"rotation":{"x":-0.1957097053527832,"y":-0.5457304120063782,"z":0.13286124169826508,"w":-0.8038805723190308},"size":0.37897780537605288,"orthographic":false}